TATZEIT_ANFANG_DATUM,TATZEIT_ANFANG_STUNDE,TATZEIT_ENDE_DATUM,TATZEIT_ENDE_STUNDE,LOR,SCHADENSHOEHE,ART_DES_FAHRRADS
11.05.2023,17,12.05.2023,08,02200211,926,Damenfahrrad
08.06.2023,19,08.06.2023,19,11300620,1175,Herrenfahrrad
06.06.2023,17,07.06.2023,07,02500835,1882,Herrenfahrrad
08.06.2023,11,09.06.2023,07,09200511,1047,Herrenfahrrad
16.04.2023,09,16.04.2023,09,07400720,170,Mountainbike
08.06.2023,23,09.06.2023,09,08100206,849,Herrenfahrrad
05.06.2023,19,06.06.2023,08,01400942,850,Herrenfahrrad
08.06.2023,01,08.06.2023,06,08200833,551,Kinderfahrrad
25.05.2023,12,27.05.2023,17,06100102,333,Damenfahrrad
09.06.2023,06,09.06.2023,15,01400938,469,Damenfahrrad
08.06.2023,13,08.06.2023,15,11100307,388,Herrenfahrrad
09.06.2023,06,09.06.2023,14,11200514,928,Damenfahrrad
08.06.2023,19,09.06.2023,07,04300623,890,Damenfahrrad
07.06.2023,15,07.06.2023,15,07100102,100,Fahrrad
07.06.2023,12,09.06.2023,10,02200207,2200,Damenfahrrad
08.06.2023,14,08.06.2023,14,08100209,456,Mountainbike
06.06.2023,17,06.06.2023,19,01100308,1800,Herrenfahrrad
07.06.2023,17,07.06.2023,17,05100316,572,Damenfahrrad
08.06.2023,22,09.06.2023,12,04501041,350,Herrenfahrrad
07.06.2023,13,08.06.2023,18,04300624,700,Herrenfahrrad
07.06.2023,12,09.06.2023,09,03400721,4518,Damenfahrrad
07.06.2023,16,09.06.2023,10,04500936,1450,Herrenfahrrad
08.06.2023,19,08.06.2023,23,02200207,699,Herrenfahrrad
08.06.2023,12,09.06.2023,12,08100418,890,Damenfahrrad
08.06.2023,21,09.06.2023,07,09200715,649,Damenfahrrad
08.06.2023,20,09.06.2023,09,11200411,1500,Rennrad
08.06.2023,07,09.06.2023,08,03300412,599,Herrenfahrrad
09.06.2023,07,09.06.2023,10,12100102,999,Fahrrad
08.06.2023,18,09.06.2023,16,01300836,3510,Fahrrad
09.06.2023,16,09.06.2023,16,01401043,4083,Herrenfahrrad
09.06.2023,10,09.06.2023,11,08100314,3100,Herrenfahrrad
08.06.2023,17,09.06.2023,07,02100103,829,Herrenfahrrad
31.05.2023,16,31.05.2023,18,07100102,300,Herrenfahrrad
03.06.2023,10,04.06.2023,11,11300617,550,Damenfahrrad
08.06.2023,17,09.06.2023,02,06100209,1049,Herrenfahrrad
08.06.2023,22,09.06.2023,07,07300618,0,Herrenfahrrad
03.06.2023,19,04.06.2023,09,12100101,210,Kinderfahrrad
09.06.2023,00,09.06.2023,00,01300733,0,"diverse Fahrräder"
08.06.2023,01,08.06.2023,06,08200833,1010,Herrenfahrrad
08.06.2023,21,09.06.2023,10,02200213,1150,Damenfahrrad
05.06.2023,17,08.06.2023,17,06100205,999,Herrenfahrrad
08.06.2023,15,09.06.2023,10,11200513,298,Herrenfahrrad
06.06.2023,14,06.06.2023,15,01300836,2400,Herrenfahrrad
09.06.2023,15,09.06.2023,15,09501939,2000,Mountainbike
06.06.2023,09,06.06.2023,20,04300623,578,Damenfahrrad
08.06.2023,19,08.06.2023,22,06300634,270,Fahrrad
07.06.2023,18,08.06.2023,07,03400725,100,Damenfahrrad
08.06.2023,22,09.06.2023,02,02300419,790,Damenfahrrad
08.06.2023,17,09.06.2023,10,06200420,2400,Damenfahrrad
26.05.2023,12,26.05.2023,16,09200715,1290,Mountainbike
08.06.2023,21,09.06.2023,08,03701659,0,Herrenfahrrad
08.06.2023,22,09.06.2023,07,09200511,884,Mountainbike
09.06.2023,14,09.06.2023,17,05300735,2000,Damenfahrrad
05.06.2023,17,06.06.2023,07,02200209,853,Kinderfahrrad
06.06.2023,09,06.06.2023,18,02500834,600,Herrenfahrrad
13.05.2023,22,14.05.2023,08,08100208,1700,Fahrrad
07.06.2023,08,07.06.2023,19,01100309,750,Damenfahrrad
07.06.2023,11,07.06.2023,13,02100106,750,Herrenfahrrad
08.06.2023,08,08.06.2023,10,01100416,199,Damenfahrrad
07.06.2023,12,07.06.2023,23,06300526,2600,Damenfahrrad
07.06.2023,18,07.06.2023,22,04300621,2849,Damenfahrrad
08.06.2023,09,08.06.2023,14,08100208,200,Kinderfahrrad
05.05.2023,09,05.05.2023,17,01200625,51,Damenfahrrad
08.06.2023,10,08.06.2023,19,03501038,4500,Mountainbike
07.06.2023,17,08.06.2023,17,11400929,400,Damenfahrrad
07.06.2023,08,08.06.2023,07,01200519,350,Kinderfahrrad
07.06.2023,16,08.06.2023,07,03701555,1110,Herrenfahrrad
09.06.2023,04,09.06.2023,04,03200206,629,Damenfahrrad
07.06.2023,18,07.06.2023,23,02300419,2000,Herrenfahrrad
06.06.2023,16,07.06.2023,06,03601142,948,Damenfahrrad
06.06.2023,16,06.06.2023,19,10200423,653,Herrenfahrrad
07.06.2023,21,08.06.2023,20,01300732,180,Damenfahrrad
07.06.2023,19,08.06.2023,07,02400624,1000,Herrenfahrrad
07.06.2023,00,08.06.2023,06,08401243,450,Fahrrad
06.06.2023,18,06.06.2023,18,08100102,1200,Fahrrad
07.06.2023,18,07.06.2023,23,06400737,749,Damenfahrrad
08.06.2023,08,08.06.2023,09,06300633,700,Kinderfahrrad
08.06.2023,06,08.06.2023,12,07200308,1713,Damenfahrrad
06.06.2023,16,07.06.2023,06,03601142,499,Damenfahrrad
07.06.2023,19,08.06.2023,08,03601453,520,Damenfahrrad
07.06.2023,19,08.06.2023,01,02500835,1799,Herrenfahrrad
06.06.2023,07,07.06.2023,18,06100205,422,Damenfahrrad
02.06.2023,07,02.06.2023,17,11401032,350,Herrenfahrrad
06.06.2023,18,06.06.2023,22,08100312,860,Damenfahrrad
05.06.2023,21,05.06.2023,21,01300836,770,Herrenfahrrad
05.06.2023,13,05.06.2023,17,04501153,1277,Damenfahrrad
26.05.2023,18,29.05.2023,09,03601245,799,Herrenfahrrad
07.06.2023,17,07.06.2023,22,11501341,1500,Herrenfahrrad
06.06.2023,18,08.06.2023,07,01100312,400,Damenfahrrad
07.06.2023,21,08.06.2023,09,01400942,160,Mountainbike
06.06.2023,20,08.06.2023,14,03601346,3000,"diverse Fahrräder"
08.06.2023,15,08.06.2023,17,08100206,700,Mountainbike
07.06.2023,21,08.06.2023,08,02200211,1027,Herrenfahrrad
08.06.2023,06,08.06.2023,06,01400939,0,Mountainbike
08.06.2023,10,08.06.2023,12,07200411,1800,Herrenfahrrad
07.06.2023,19,08.06.2023,09,02500835,791,Damenfahrrad
08.06.2023,16,08.06.2023,21,06200313,850,Herrenfahrrad
05.06.2023,16,08.06.2023,10,02200209,369,Kinderfahrrad
08.06.2023,16,08.06.2023,18,02100106,450,Kinderfahrrad
21.05.2023,17,22.05.2023,15,04501153,410,Kinderfahrrad
08.06.2023,07,08.06.2023,09,01401048,1000,Herrenfahrrad
07.06.2023,09,07.06.2023,19,08100206,300,Herrenfahrrad
08.06.2023,13,08.06.2023,16,11200512,3599,Fahrrad
06.06.2023,07,06.06.2023,20,09200716,349,Fahrrad
08.06.2023,16,08.06.2023,16,01401044,1600,Herrenfahrrad
07.06.2023,22,08.06.2023,05,09200511,200,Herrenfahrrad
31.05.2023,18,01.06.2023,23,07100206,1199,Herrenfahrrad
08.06.2023,10,08.06.2023,20,04501040,620,Fahrrad
06.06.2023,18,06.06.2023,18,11400929,1800,Mountainbike
07.06.2023,20,08.06.2023,07,09300920,499,Damenfahrrad
07.06.2023,16,08.06.2023,07,03501037,4100,Lastenfahrrad
04.06.2023,21,05.06.2023,11,04300623,999,Herrenfahrrad
07.06.2023,21,07.06.2023,21,09300922,750,Herrenfahrrad
06.06.2023,11,08.06.2023,08,04500938,150,Damenfahrrad
07.06.2023,20,08.06.2023,16,01401047,2290,Herrenfahrrad
08.06.2023,10,08.06.2023,15,09301126,394,Damenfahrrad
23.04.2023,12,23.04.2023,12,02100104,10000,Lastenfahrrad
07.06.2023,16,07.06.2023,17,08100207,934,Damenfahrrad
24.05.2023,10,24.05.2023,17,01100206,1874,Fahrrad
07.05.2023,19,08.05.2023,01,02200212,4228,Herrenfahrrad
08.06.2023,08,08.06.2023,10,01100416,199,Herrenfahrrad
08.06.2023,09,08.06.2023,13,02500835,2018,Damenfahrrad
07.06.2023,09,08.06.2023,08,01100416,650,Herrenfahrrad
07.06.2023,23,08.06.2023,11,04501045,578,Damenfahrrad
03.06.2023,04,05.06.2023,14,03400827,550,Herrenfahrrad
05.06.2023,17,06.06.2023,08,10200627,769,Damenfahrrad
08.06.2023,09,08.06.2023,14,01100308,1750,Fahrrad
08.06.2023,14,08.06.2023,14,01300836,7400,"diverse Fahrräder"
07.06.2023,20,08.06.2023,07,04300415,699,Herrenfahrrad
06.06.2023,19,07.06.2023,07,03400826,860,Damenfahrrad
06.06.2023,12,06.06.2023,15,06400735,1000,Herrenfahrrad
03.06.2023,21,04.06.2023,18,07601236,300,Fahrrad
06.06.2023,14,06.06.2023,16,04400830,5800,Mountainbike
05.06.2023,21,07.06.2023,20,12500927,599,Damenfahrrad
24.05.2023,18,25.05.2023,08,08100101,300,Herrenfahrrad
06.06.2023,13,06.06.2023,17,12500928,712,Herrenfahrrad
04.06.2023,20,05.06.2023,15,08200623,840,Fahrrad
05.06.2023,10,06.06.2023,12,03400722,479,Damenfahrrad
06.06.2023,19,06.06.2023,22,06200422,3322,Damenfahrrad
07.06.2023,08,07.06.2023,10,06300634,5474,Fahrrad
04.06.2023,15,06.06.2023,18,04200204,788,Herrenfahrrad
31.05.2023,09,31.05.2023,17,06400737,1600,Herrenfahrrad
06.06.2023,20,07.06.2023,08,07200413,850,Fahrrad
07.06.2023,14,07.06.2023,14,03601450,500,Herrenfahrrad
06.06.2023,18,07.06.2023,18,08100416,8000,"diverse Fahrräder"
07.06.2023,18,07.06.2023,19,03601243,738,Fahrrad
05.06.2023,21,07.06.2023,20,12500927,250,Herrenfahrrad
06.06.2023,18,07.06.2023,16,11300722,1014,Fahrrad
01.06.2023,16,02.06.2023,10,09501939,549,Mountainbike
04.06.2023,09,06.06.2023,15,01400940,398,Damenfahrrad
05.06.2023,16,06.06.2023,17,05100316,2639,Herrenfahrrad
07.06.2023,08,07.06.2023,08,04500938,0,Rennrad
06.06.2023,00,06.06.2023,00,08100314,0,Fahrrad
05.06.2023,15,07.06.2023,10,07200409,1179,Herrenfahrrad
06.06.2023,15,07.06.2023,00,12400720,999,Herrenfahrrad
05.06.2023,23,06.06.2023,09,08100312,789,Damenfahrrad
06.06.2023,12,06.06.2023,19,06400844,3799,Rennrad
24.05.2023,23,25.05.2023,09,06100102,800,Herrenfahrrad
24.05.2023,18,25.05.2023,08,04400832,1500,Herrenfahrrad
07.06.2023,10,07.06.2023,14,01100415,0,Damenfahrrad
03.06.2023,18,04.06.2023,16,04501147,333,Damenfahrrad
06.06.2023,18,06.06.2023,22,07100103,1440,Damenfahrrad
05.06.2023,08,05.06.2023,20,09200613,1399,Herrenfahrrad
09.05.2023,23,10.05.2023,08,01300834,1126,Damenfahrrad
05.06.2023,17,07.06.2023,12,02500835,398,Damenfahrrad
06.06.2023,00,06.06.2023,00,06100210,1250,Herrenfahrrad
05.06.2023,13,05.06.2023,21,01300731,100,Damenfahrrad
07.06.2023,04,07.06.2023,04,03300413,1300,Herrenfahrrad
06.06.2023,01,06.06.2023,11,10100209,500,Herrenfahrrad
07.06.2023,18,07.06.2023,19,02200210,675,Kinderfahrrad
06.06.2023,13,06.06.2023,22,05100313,699,Herrenfahrrad
31.05.2023,12,02.06.2023,16,12400617,649,Fahrrad
28.05.2023,17,28.05.2023,17,01100309,10000,Lastenfahrrad
06.06.2023,17,07.06.2023,14,08100419,650,Herrenfahrrad
06.06.2023,13,07.06.2023,15,02200209,789,Herrenfahrrad
06.06.2023,18,07.06.2023,09,01401048,299,Herrenfahrrad
06.06.2023,20,07.06.2023,17,02400623,1099,Herrenfahrrad
06.06.2023,08,06.06.2023,20,03601450,985,Herrenfahrrad
07.06.2023,08,07.06.2023,17,01100308,3243,Fahrrad
06.06.2023,13,06.06.2023,19,02400521,2099,Herrenfahrrad
06.06.2023,22,07.06.2023,07,12200308,600,Damenfahrrad
24.05.2023,15,25.05.2023,09,09100203,1027,Damenfahrrad
06.06.2023,20,07.06.2023,09,07200413,2039,Damenfahrrad
06.06.2023,09,06.06.2023,13,12500927,1200,Herrenfahrrad
06.06.2023,22,07.06.2023,13,08100419,800,Damenfahrrad
06.06.2023,00,06.06.2023,19,08100418,700,Fahrrad
04.06.2023,20,06.06.2023,18,06100205,600,Mountainbike
03.06.2023,09,03.06.2023,14,02200207,900,Herrenfahrrad
27.05.2023,13,28.05.2023,12,03400721,350,Damenfahrrad
06.06.2023,08,06.06.2023,15,07601238,329,Damenfahrrad
06.06.2023,15,07.06.2023,09,01100312,773,Herrenfahrrad
07.06.2023,03,07.06.2023,03,02300419,100,Fahrrad
06.06.2023,18,07.06.2023,12,01100414,611,Mountainbike
03.06.2023,16,04.06.2023,02,08200727,820,Herrenfahrrad
07.06.2023,08,07.06.2023,11,01100308,1360,Herrenfahrrad
06.06.2023,22,07.06.2023,09,07200413,1765,Herrenfahrrad
07.06.2023,14,07.06.2023,18,06100204,4059,Herrenfahrrad
24.05.2023,08,24.05.2023,15,10100313,273,Damenfahrrad
05.06.2023,23,06.06.2023,10,09100101,580,Damenfahrrad
05.06.2023,12,05.06.2023,12,02100106,300,Damenfahrrad
07.06.2023,01,07.06.2023,01,07200410,0,Rennrad
06.06.2023,12,06.06.2023,16,03601243,2199,Herrenfahrrad
06.06.2023,16,06.06.2023,19,01100414,899,Herrenfahrrad
06.06.2023,21,07.06.2023,06,07100102,1030,Damenfahrrad
07.06.2023,04,07.06.2023,04,01100206,200,Fahrrad
05.06.2023,06,05.06.2023,14,06400840,640,Damenfahrrad
07.06.2023,00,07.06.2023,10,02100103,550,Fahrrad
02.06.2023,10,02.06.2023,14,11100205,1400,Herrenfahrrad
05.06.2023,21,06.06.2023,07,08100416,1488,Herrenfahrrad
04.06.2023,14,04.06.2023,23,03601142,0,Fahrrad
05.06.2023,09,05.06.2023,11,03400724,2600,Herrenfahrrad
06.06.2023,11,06.06.2023,11,12200413,500,Herrenfahrrad
03.06.2023,22,05.06.2023,09,09100101,0,Fahrrad
05.06.2023,07,06.06.2023,07,04300414,1499,Damenfahrrad
04.06.2023,20,06.06.2023,07,12601134,2845,Herrenfahrrad
05.06.2023,16,05.06.2023,18,08200831,599,Herrenfahrrad
05.06.2023,17,06.06.2023,05,01300834,900,Herrenfahrrad
06.06.2023,07,06.06.2023,17,11501341,1607,Damenfahrrad
05.06.2023,19,06.06.2023,13,07100101,450,Kinderfahrrad
23.05.2023,17,25.05.2023,07,06100209,449,Damenfahrrad
04.06.2023,16,05.06.2023,07,02200208,550,Fahrrad
05.06.2023,17,06.06.2023,07,01401043,300,Mountainbike
06.06.2023,10,06.06.2023,17,01400942,370,Herrenfahrrad
01.06.2023,18,02.06.2023,06,09200613,500,Herrenfahrrad
06.06.2023,08,06.06.2023,17,09501939,2699,Herrenfahrrad
06.06.2023,15,06.06.2023,16,03400723,720,Mountainbike
06.06.2023,13,06.06.2023,20,03601347,500,Fahrrad
30.05.2023,18,31.05.2023,08,02300417,215,Kinderfahrrad
06.06.2023,17,06.06.2023,20,12400720,600,Herrenfahrrad
06.06.2023,03,06.06.2023,03,06200316,500,Herrenfahrrad
05.06.2023,12,05.06.2023,17,01100308,1999,Herrenfahrrad
04.06.2023,22,06.06.2023,04,10100208,760,Herrenfahrrad
06.06.2023,06,06.06.2023,06,03601142,100,Mountainbike
05.06.2023,18,05.06.2023,19,02400522,728,Kinderfahrrad
06.06.2023,08,06.06.2023,15,02500833,300,Herrenfahrrad
06.06.2023,05,06.06.2023,14,08401139,738,Damenfahrrad
01.06.2023,18,01.06.2023,18,12500824,591,Herrenfahrrad
26.05.2023,18,27.05.2023,04,09501939,750,Herrenfahrrad
25.05.2023,23,26.05.2023,09,01100309,600,Herrenfahrrad
05.06.2023,04,05.06.2023,15,08300935,449,Herrenfahrrad
06.06.2023,13,06.06.2023,13,08100416,0,Damenfahrrad
06.06.2023,17,06.06.2023,17,03601453,1800,Herrenfahrrad
06.06.2023,12,06.06.2023,19,01100308,650,Herrenfahrrad
05.06.2023,16,05.06.2023,22,09200512,388,Herrenfahrrad
05.06.2023,21,06.06.2023,06,06200315,6168,"diverse Fahrräder"
05.06.2023,21,06.06.2023,07,01401043,310,Herrenfahrrad
02.06.2023,18,04.06.2023,19,01401047,1250,Herrenfahrrad
05.06.2023,05,05.06.2023,17,10200629,909,Herrenfahrrad
05.06.2023,15,05.06.2023,18,03400724,300,Kinderfahrrad
03.06.2023,18,04.06.2023,01,07601544,1450,Herrenfahrrad
05.06.2023,18,06.06.2023,11,07200307,1200,"diverse Fahrräder"
31.05.2023,11,31.05.2023,19,03400830,1817,Herrenfahrrad
05.06.2023,09,05.06.2023,18,06400840,1399,Herrenfahrrad
01.06.2023,16,03.06.2023,09,04300621,600,Fahrrad
06.06.2023,12,06.06.2023,15,10100209,100,Rennrad
06.06.2023,17,06.06.2023,21,07400927,950,Herrenfahrrad
05.06.2023,23,06.06.2023,11,06100205,1600,Fahrrad
04.06.2023,15,04.06.2023,18,01100206,1182,Damenfahrrad
05.06.2023,17,06.06.2023,07,02400520,370,Kinderfahrrad
05.06.2023,06,06.06.2023,06,07200308,488,Damenfahrrad
01.06.2023,20,02.06.2023,04,10200524,749,Damenfahrrad
30.05.2023,16,31.05.2023,07,07501134,299,Kinderfahrrad
06.06.2023,11,06.06.2023,17,02300314,560,Mountainbike
06.06.2023,10,06.06.2023,15,02500833,350,Herrenfahrrad
06.06.2023,15,06.06.2023,17,08100314,500,Damenfahrrad
28.05.2023,17,28.05.2023,17,01401048,2000,Herrenfahrrad
06.06.2023,08,06.06.2023,16,04501041,679,Damenfahrrad
03.06.2023,19,04.06.2023,08,11401033,3199,Fahrrad
05.06.2023,08,05.06.2023,17,03601451,650,Damenfahrrad
02.06.2023,19,02.06.2023,19,09501838,450,Fahrrad
06.06.2023,02,06.06.2023,02,10200629,499,Fahrrad
02.06.2023,18,04.06.2023,15,06100103,330,Herrenfahrrad
05.06.2023,15,06.06.2023,08,03500933,600,Damenfahrrad
06.06.2023,09,06.06.2023,17,02100102,777,Herrenfahrrad
06.06.2023,09,06.06.2023,18,07100101,799,Herrenfahrrad
06.06.2023,15,06.06.2023,17,07400927,676,Damenfahrrad
02.06.2023,20,03.06.2023,10,08100415,740,Damenfahrrad
29.05.2023,16,29.05.2023,17,01400937,6000,Herrenfahrrad
05.06.2023,19,06.06.2023,13,02400623,2990,Fahrrad
06.06.2023,10,06.06.2023,14,12500927,599,Kinderfahrrad
06.06.2023,15,06.06.2023,15,01300836,2500,Rennrad
05.06.2023,18,06.06.2023,07,09100101,430,Damenfahrrad
06.06.2023,09,06.06.2023,11,11400928,1000,Herrenfahrrad
30.04.2023,16,30.04.2023,16,01200520,1000,"diverse Fahrräder"
06.06.2023,11,06.06.2023,12,02200211,759,Herrenfahrrad
04.06.2023,10,04.06.2023,12,04400833,988,Fahrrad
06.06.2023,08,06.06.2023,18,11400931,1106,Damenfahrrad
23.05.2023,20,24.05.2023,06,06300630,330,Damenfahrrad
06.06.2023,08,06.06.2023,15,09501838,616,Herrenfahrrad
05.06.2023,17,06.06.2023,18,01100311,4300,Herrenfahrrad
06.06.2023,17,06.06.2023,17,08100311,31,Herrenfahrrad
06.06.2023,19,06.06.2023,21,08300934,1000,Herrenfahrrad
03.06.2023,10,04.06.2023,15,04501045,1049,Damenfahrrad
03.06.2023,19,04.06.2023,12,11300725,540,Herrenfahrrad
04.06.2023,19,05.06.2023,06,01400942,1000,Damenfahrrad
05.06.2023,09,05.06.2023,09,03601245,1740,"diverse Fahrräder"
03.06.2023,07,03.06.2023,18,09502043,450,Damenfahrrad
03.06.2023,19,03.06.2023,23,02300315,1122,Herrenfahrrad
03.06.2023,19,05.06.2023,07,07100103,264,Kinderfahrrad
28.05.2023,16,28.05.2023,18,10200423,75,Herrenfahrrad
04.06.2023,08,04.06.2023,18,12500825,582,Herrenfahrrad
04.06.2023,21,05.06.2023,11,10100209,300,Herrenfahrrad
05.06.2023,17,05.06.2023,19,04300619,333,Damenfahrrad
05.06.2023,14,05.06.2023,14,09300923,50,Mountainbike
03.06.2023,18,04.06.2023,22,01200519,660,Herrenfahrrad
05.06.2023,07,05.06.2023,07,06400840,420,Fahrrad
04.06.2023,21,05.06.2023,07,09200511,899,Fahrrad
04.06.2023,21,05.06.2023,06,03601245,399,Herrenfahrrad
04.06.2023,11,04.06.2023,17,11401034,750,Fahrrad
02.06.2023,13,04.06.2023,21,03601453,1374,Damenfahrrad
31.05.2023,14,02.06.2023,15,03300516,1400,Herrenfahrrad
21.05.2023,21,22.05.2023,13,08100416,1070,Fahrrad
29.05.2023,18,29.05.2023,19,09100101,170,Damenfahrrad
02.06.2023,07,02.06.2023,17,04500936,0,Kinderfahrrad
26.05.2023,08,26.05.2023,11,04400835,479,Mountainbike
03.06.2023,20,04.06.2023,12,01401044,60,Herrenfahrrad
04.06.2023,20,05.06.2023,12,06400840,834,Herrenfahrrad
02.06.2023,17,05.06.2023,09,09100203,4000,"diverse Fahrräder"
05.06.2023,11,05.06.2023,18,02400522,1298,Herrenfahrrad
03.06.2023,18,05.06.2023,07,01400942,370,Herrenfahrrad
03.06.2023,13,04.06.2023,10,01100415,580,Damenfahrrad
05.06.2023,09,05.06.2023,11,06200421,550,Damenfahrrad
04.06.2023,20,05.06.2023,13,01100416,170,Damenfahrrad
04.06.2023,17,05.06.2023,12,03400826,1100,Herrenfahrrad
02.06.2023,14,02.06.2023,17,07100204,200,Herrenfahrrad
04.06.2023,16,04.06.2023,19,03601453,9200,Herrenfahrrad
05.06.2023,06,05.06.2023,06,10100209,950,Herrenfahrrad
05.06.2023,16,05.06.2023,18,04300621,1018,Damenfahrrad
04.06.2023,21,05.06.2023,00,08100208,950,Damenfahrrad
02.06.2023,15,05.06.2023,06,11100309,695,Herrenfahrrad
04.06.2023,17,05.06.2023,06,01401043,650,Damenfahrrad
04.06.2023,11,04.06.2023,19,03100103,1780,"diverse Fahrräder"
03.06.2023,08,03.06.2023,12,05100104,1700,Herrenfahrrad
04.06.2023,08,04.06.2023,08,12100102,8040,Lastenfahrrad
03.06.2023,18,04.06.2023,01,07601546,2730,Damenfahrrad
04.06.2023,20,05.06.2023,09,02100105,1200,Fahrrad
03.06.2023,17,04.06.2023,10,03701658,788,Herrenfahrrad
31.05.2023,16,31.05.2023,17,07400822,300,Herrenfahrrad
27.05.2023,14,28.05.2023,15,09501838,300,Herrenfahrrad
03.06.2023,09,04.06.2023,18,12500927,799,Herrenfahrrad
31.05.2023,14,01.06.2023,11,09401534,1199,Herrenfahrrad
04.06.2023,16,04.06.2023,18,08100206,600,Damenfahrrad
05.06.2023,08,05.06.2023,15,09200613,2629,Damenfahrrad
03.06.2023,23,05.06.2023,12,08200622,200,Fahrrad
05.06.2023,14,05.06.2023,20,07100204,0,Herrenfahrrad
07.05.2023,14,08.05.2023,09,01100414,799,Herrenfahrrad
04.06.2023,21,05.06.2023,07,07501135,500,Fahrrad
04.06.2023,13,04.06.2023,20,10100206,3174,Fahrrad
03.06.2023,10,05.06.2023,08,09401329,1899,Damenfahrrad
03.06.2023,18,04.06.2023,12,12400723,500,Damenfahrrad
04.06.2023,19,04.06.2023,19,12200413,400,Fahrrad
03.06.2023,18,04.06.2023,12,02300315,2444,"diverse Fahrräder"
05.06.2023,06,05.06.2023,13,12601134,1,Herrenfahrrad
03.06.2023,17,04.06.2023,08,03701657,1128,Herrenfahrrad
05.06.2023,08,05.06.2023,15,02200209,250,Damenfahrrad
05.06.2023,13,05.06.2023,17,07300516,450,Herrenfahrrad
04.06.2023,08,04.06.2023,13,02500836,2970,Herrenfahrrad
04.06.2023,16,04.06.2023,16,03601243,200,Damenfahrrad
03.06.2022,08,04.06.2022,09,02100103,90,Fahrrad
02.06.2023,11,02.06.2023,18,07100204,1000,Damenfahrrad
03.06.2023,13,03.06.2023,13,04300621,516,Herrenfahrrad
03.06.2023,18,03.06.2023,21,06300526,725,Herrenfahrrad
03.06.2023,14,05.06.2023,13,12500824,1083,Damenfahrrad
03.06.2023,21,05.06.2023,13,12601133,1300,Herrenfahrrad
03.05.2023,19,03.05.2023,23,06400842,499,Damenfahrrad
03.06.2023,12,05.06.2023,16,08100104,1050,Herrenfahrrad
05.06.2023,16,05.06.2023,17,10200524,2500,Fahrrad
04.06.2023,18,05.06.2023,08,05300841,889,Herrenfahrrad
05.06.2023,16,05.06.2023,17,04300517,0,Herrenfahrrad
05.06.2023,18,05.06.2023,19,01100311,276,Herrenfahrrad
04.06.2023,18,05.06.2023,07,09100101,600,Fahrrad
01.06.2023,18,02.06.2023,09,03601140,80,Kinderfahrrad
02.06.2023,17,03.06.2023,17,01100309,1800,Herrenfahrrad
05.06.2023,13,05.06.2023,17,05100316,1000,Herrenfahrrad
04.06.2023,15,05.06.2023,18,02200209,1000,Herrenfahrrad
03.06.2023,23,05.06.2023,12,08200622,220,Damenfahrrad
05.06.2023,11,05.06.2023,15,01401048,3840,Herrenfahrrad
04.06.2023,18,05.06.2023,12,01100313,485,Damenfahrrad
04.06.2023,09,04.06.2023,10,02500833,587,Herrenfahrrad
03.05.2023,19,03.05.2023,23,06400843,499,Damenfahrrad
05.06.2023,19,05.06.2023,21,01100311,550,Herrenfahrrad
03.06.2023,18,03.06.2023,22,09502043,200,Herrenfahrrad
21.05.2023,21,22.05.2023,13,08100416,500,Damenfahrrad
30.05.2023,18,31.05.2023,15,09200818,919,Damenfahrrad
03.06.2023,12,05.06.2023,12,05100315,1449,Herrenfahrrad
05.06.2023,01,05.06.2023,05,10200524,1000,Herrenfahrrad
04.06.2023,17,05.06.2023,13,03400725,50,Herrenfahrrad
31.05.2023,16,02.06.2023,00,03701556,1500,Fahrrad
05.06.2023,12,05.06.2023,15,01100308,1220,Fahrrad
03.06.2023,19,04.06.2023,13,07300515,1083,Damenfahrrad
03.06.2023,20,04.06.2023,09,11200514,3200,Herrenfahrrad
03.06.2023,22,04.06.2023,08,09100203,300,Damenfahrrad
25.05.2023,17,26.05.2023,08,11401034,470,Herrenfahrrad
31.05.2023,12,01.06.2023,08,07300515,740,Damenfahrrad
02.06.2023,21,03.06.2023,11,07200410,950,Herrenfahrrad
31.05.2023,08,31.05.2023,17,05200423,807,Herrenfahrrad
02.06.2023,17,04.06.2023,18,11400931,2000,Damenfahrrad
03.06.2023,15,03.06.2023,20,07200412,1449,Herrenfahrrad
04.06.2023,16,04.06.2023,18,06200421,1499,Fahrrad
04.06.2023,16,04.06.2023,18,04501041,2670,Fahrrad
02.06.2023,08,02.06.2023,14,09200613,1400,Herrenfahrrad
30.05.2023,08,30.05.2023,17,06300634,800,Damenfahrrad
04.06.2023,09,04.06.2023,19,09100101,2799,Herrenfahrrad
04.06.2023,03,04.06.2023,03,10200524,500,"diverse Fahrräder"
02.06.2023,21,03.06.2023,11,07200410,1940,Damenfahrrad
04.06.2023,11,04.06.2023,13,08100314,200,Fahrrad
03.06.2023,21,04.06.2023,00,03701554,529,Herrenfahrrad
03.06.2023,18,03.06.2023,18,06200312,1300,Herrenfahrrad
02.06.2023,09,02.06.2023,13,06300634,570,Fahrrad
03.06.2023,15,04.06.2023,11,01401044,620,Damenfahrrad
04.06.2023,12,04.06.2023,16,03500935,500,Damenfahrrad
04.06.2023,11,04.06.2023,16,12500928,860,Herrenfahrrad
02.06.2023,21,03.06.2023,11,07200410,1299,Herrenfahrrad
31.05.2023,23,01.06.2023,08,02100106,829,Damenfahrrad
02.06.2023,15,04.06.2023,12,06400842,399,Damenfahrrad
03.06.2023,21,03.06.2023,23,12200515,550,Damenfahrrad
03.06.2023,13,04.06.2023,20,02100101,1000,Damenfahrrad
03.06.2023,17,04.06.2023,18,11501238,665,Damenfahrrad
03.06.2023,11,03.06.2023,18,02500834,550,Damenfahrrad
03.06.2023,23,04.06.2023,00,02300419,950,Fahrrad
04.06.2023,00,04.06.2023,13,05300736,1200,Herrenfahrrad
03.06.2023,21,03.06.2023,23,02300419,1750,Herrenfahrrad
03.06.2023,22,04.06.2023,08,09100203,300,Damenfahrrad
02.06.2023,07,02.06.2023,15,03200309,270,Herrenfahrrad
03.06.2023,17,04.06.2023,12,10100208,1900,Herrenfahrrad
03.06.2023,08,03.06.2023,21,02200209,5900,Herrenfahrrad
02.06.2023,12,04.06.2023,10,03601347,250,Kinderfahrrad
04.06.2023,03,04.06.2023,03,10100313,1500,Rennrad
03.06.2023,12,03.06.2023,21,07601546,953,Damenfahrrad
03.06.2023,21,04.06.2023,08,03400829,2400,Fahrrad
03.06.2023,16,04.06.2023,07,03701555,1060,Herrenfahrrad
04.06.2023,11,04.06.2023,16,11401034,600,Damenfahrrad
03.06.2023,16,03.06.2023,23,04200203,1399,Herrenfahrrad
04.06.2023,12,04.06.2023,20,03601140,1300,Damenfahrrad
29.05.2023,15,29.05.2023,22,02100103,600,Herrenfahrrad
03.06.2023,13,03.06.2023,18,06400838,544,Damenfahrrad
04.06.2023,15,04.06.2023,20,10400938,749,Damenfahrrad
04.06.2023,12,04.06.2023,14,01300732,270,Damenfahrrad
03.06.2023,10,03.06.2023,14,08100310,400,Herrenfahrrad
03.06.2023,21,03.06.2023,23,09401534,5000,Damenfahrrad
03.06.2023,08,04.06.2023,13,03400829,1049,Herrenfahrrad
29.05.2023,18,30.05.2023,15,01200623,520,Damenfahrrad
02.06.2023,21,03.06.2023,09,11200514,1699,Fahrrad
02.06.2023,01,02.06.2023,03,02300417,2000,Rennrad
02.06.2023,06,02.06.2023,15,08401244,450,Mountainbike
01.06.2023,21,03.06.2023,10,01100312,300,Herrenfahrrad
01.06.2023,14,01.06.2023,16,01100414,764,Herrenfahrrad
02.06.2023,21,03.06.2023,09,07400823,999,Herrenfahrrad
02.06.2023,18,02.06.2023,20,02400625,699,Herrenfahrrad
02.06.2023,10,02.06.2023,17,03100101,2300,Damenfahrrad
27.05.2023,18,29.05.2023,10,03601139,288,Herrenfahrrad
03.06.2023,09,03.06.2023,13,11401034,2920,Damenfahrrad
01.06.2023,11,01.06.2023,22,12500824,1180,Damenfahrrad
03.06.2023,14,03.06.2023,16,03601452,908,Herrenfahrrad
03.06.2023,15,03.06.2023,19,06400843,1131,Herrenfahrrad
02.06.2023,19,03.06.2023,09,01400942,2042,Rennrad
02.06.2023,08,03.06.2023,11,04500939,1098,Fahrrad
01.06.2023,20,03.06.2023,10,08100206,90,Damenfahrrad
02.06.2023,19,03.06.2023,17,09501736,1300,Herrenfahrrad
01.06.2023,22,02.06.2023,09,08100313,600,Herrenfahrrad
02.06.2023,16,02.06.2023,19,08100207,1499,Herrenfahrrad
03.06.2023,08,03.06.2023,09,05100104,0,Herrenfahrrad
02.06.2023,18,03.06.2023,10,09100202,1120,Herrenfahrrad
01.06.2023,19,02.06.2023,19,03300516,450,Mountainbike
01.06.2023,18,03.06.2023,15,02200210,750,Fahrrad
03.06.2023,10,03.06.2023,18,11300725,355,Herrenfahrrad
02.06.2023,22,03.06.2023,08,08100312,1300,Herrenfahrrad
02.06.2023,18,02.06.2023,18,11300620,497,Fahrrad
03.06.2023,00,03.06.2023,10,02500728,2624,Herrenfahrrad
01.06.2023,07,01.06.2023,19,12100101,1214,Herrenfahrrad
02.06.2023,16,03.06.2023,10,02300419,400,Herrenfahrrad
03.06.2023,09,03.06.2023,09,06400841,2500,Herrenfahrrad
03.06.2023,16,03.06.2023,16,02300419,1000,Rennrad
02.06.2023,19,03.06.2023,09,09300920,495,Damenfahrrad
03.06.2023,15,03.06.2023,19,08300935,749,Herrenfahrrad
03.06.2023,18,03.06.2023,19,02200212,1000,Herrenfahrrad
02.06.2023,20,03.06.2023,17,08100104,440,Herrenfahrrad
02.06.2023,20,02.06.2023,21,04200308,100,Herrenfahrrad
01.06.2023,18,03.06.2023,09,03701657,400,Damenfahrrad
02.06.2023,17,03.06.2023,10,08100206,1000,Herrenfahrrad
02.06.2023,17,03.06.2023,11,11401033,799,Herrenfahrrad
30.05.2023,13,30.05.2023,13,03701555,3000,"diverse Fahrräder"
02.06.2023,14,02.06.2023,21,11300618,2799,Fahrrad
02.06.2023,19,03.06.2023,01,02400625,1379,Herrenfahrrad
03.06.2023,00,03.06.2023,09,04500937,1240,Herrenfahrrad
31.05.2023,15,03.06.2023,09,07200308,1459,Herrenfahrrad
02.06.2023,21,03.06.2023,11,11401137,609,Kinderfahrrad
31.05.2023,18,01.06.2023,12,08100418,300,Herrenfahrrad
02.06.2023,22,03.06.2023,00,07100101,7000,Fahrrad
21.05.2023,21,22.05.2023,08,11200514,289,Damenfahrrad
29.05.2023,20,30.05.2023,07,03501038,532,Herrenfahrrad
03.06.2023,10,03.06.2023,11,09200613,1449,Herrenfahrrad
02.06.2023,16,03.06.2023,09,01400942,2500,Herrenfahrrad
31.05.2023,14,31.05.2023,16,04501044,1276,Herrenfahrrad
02.06.2023,16,02.06.2023,18,05100315,900,Damenfahrrad
03.06.2023,17,03.06.2023,17,02500835,500,Fahrrad
02.06.2023,20,03.06.2023,12,08100101,500,Herrenfahrrad
01.06.2023,19,03.06.2023,10,04501040,266,Damenfahrrad
03.06.2023,12,03.06.2023,20,08300934,699,Herrenfahrrad
03.06.2023,08,03.06.2023,08,10300733,854,Herrenfahrrad
02.06.2023,19,02.06.2023,22,12100103,800,Herrenfahrrad
01.06.2023,12,02.06.2023,16,06100102,1,Mountainbike
01.06.2023,16,03.06.2023,12,09401431,599,Herrenfahrrad
25.05.2023,12,25.05.2023,17,03701556,2500,Herrenfahrrad
01.06.2023,20,02.06.2023,08,08100416,5500,Fahrrad
30.05.2023,18,31.05.2023,09,06400838,504,Kinderfahrrad
01.06.2023,08,01.06.2023,17,04300624,200,Damenfahrrad
02.06.2023,08,02.06.2023,09,01401048,550,Fahrrad
29.05.2023,18,30.05.2023,07,03701556,685,Damenfahrrad
30.05.2023,10,01.06.2023,11,02200211,1400,Herrenfahrrad
01.06.2023,16,02.06.2023,07,09401329,6199,Herrenfahrrad
18.05.2023,13,18.05.2023,18,08200624,550,Herrenfahrrad
01.06.2023,13,01.06.2023,17,10400939,800,Mountainbike
31.05.2023,20,01.06.2023,09,07200409,1000,Herrenfahrrad
02.06.2023,11,02.06.2023,11,02200208,0,Fahrrad
31.05.2023,15,31.05.2023,17,12100205,690,Herrenfahrrad
01.06.2023,19,02.06.2023,12,09401534,1000,Herrenfahrrad
31.05.2023,09,31.05.2023,21,01300834,1030,Damenfahrrad
31.05.2023,17,02.06.2023,09,02300316,724,Herrenfahrrad
01.06.2023,20,02.06.2023,15,03300516,2899,Fahrrad
28.05.2023,20,28.05.2023,20,01401044,1800,Herrenfahrrad
31.05.2023,10,02.06.2023,20,01200624,1412,Herrenfahrrad
02.06.2023,08,02.06.2023,14,04400830,2270,Herrenfahrrad
02.06.2023,17,02.06.2023,18,04400727,3898,Herrenfahrrad
02.06.2023,11,02.06.2023,13,08100416,1240,Herrenfahrrad
01.06.2023,13,01.06.2023,20,03400722,555,Kinderfahrrad
02.06.2023,10,02.06.2023,16,01300834,680,Mountainbike
02.06.2023,16,02.06.2023,16,06400843,0,Herrenfahrrad
02.06.2023,18,02.06.2023,20,11400928,1250,Herrenfahrrad
01.06.2023,17,02.06.2023,16,06400842,3587,Damenfahrrad
02.06.2023,08,02.06.2023,16,06300634,200,Herrenfahrrad
02.06.2023,16,02.06.2023,19,10200524,6000,"diverse Fahrräder"
02.06.2023,16,02.06.2023,17,12200515,700,Herrenfahrrad
29.05.2023,13,31.05.2023,07,03601245,379,Kinderfahrrad
02.06.2023,16,02.06.2023,18,08100206,600,Herrenfahrrad
02.06.2023,01,02.06.2023,01,01100309,0,Damenfahrrad
01.06.2023,23,02.06.2023,10,07200414,850,Fahrrad
01.06.2023,18,02.06.2023,10,04300624,1849,Herrenfahrrad
26.05.2023,06,26.05.2023,20,10400836,100,Fahrrad
31.05.2023,00,31.05.2023,12,08100416,100,Damenfahrrad
01.06.2023,17,01.06.2023,23,03601245,9200,Herrenfahrrad
01.06.2023,08,01.06.2023,12,09501737,1460,Herrenfahrrad
27.05.2023,08,27.05.2023,20,01200629,1915,Herrenfahrrad
27.05.2023,14,27.05.2023,19,01300834,554,Damenfahrrad
30.05.2023,12,30.05.2023,22,06400838,362,Damenfahrrad
31.05.2023,18,01.06.2023,13,07200307,1939,Damenfahrrad
01.06.2023,19,02.06.2023,02,09501736,999,Damenfahrrad
30.05.2023,17,01.06.2023,16,02400522,500,Herrenfahrrad
29.05.2023,13,31.05.2023,07,03601245,100,Kinderfahrrad
02.06.2023,08,02.06.2023,09,01100102,600,Herrenfahrrad
30.05.2023,12,30.05.2023,13,03100103,130,Herrenfahrrad
30.05.2023,22,02.06.2023,09,03500935,900,Fahrrad
02.06.2023,07,02.06.2023,13,11100102,350,Herrenfahrrad
24.05.2023,17,25.05.2023,11,01100313,1900,Damenfahrrad
02.06.2023,10,02.06.2023,17,07100101,0,Herrenfahrrad
01.06.2023,14,01.06.2023,22,03701657,929,Herrenfahrrad
01.06.2023,19,02.06.2023,17,03300516,681,"diverse Fahrräder"
02.06.2023,03,02.06.2023,03,03400620,4198,Herrenfahrrad
01.06.2023,19,01.06.2023,19,04501042,450,Fahrrad
29.05.2023,19,30.05.2023,03,01100308,400,Fahrrad
01.06.2023,10,01.06.2023,18,03300412,600,Damenfahrrad
02.06.2023,18,02.06.2023,20,11400928,1250,Herrenfahrrad
06.03.2023,18,09.03.2023,10,02300417,350,Herrenfahrrad
30.05.2023,18,31.05.2023,09,06400838,550,Kinderfahrrad
01.06.2023,15,01.06.2023,15,02400625,120,Herrenfahrrad
01.06.2023,12,01.06.2023,14,07400927,399,Damenfahrrad
01.06.2023,18,01.06.2023,21,06400842,750,Herrenfahrrad
29.05.2023,19,30.05.2023,03,01100308,400,Fahrrad
01.06.2023,22,02.06.2023,11,12500824,1030,Fahrrad
31.05.2023,06,02.06.2023,17,09401534,1213,Herrenfahrrad
02.06.2023,08,02.06.2023,13,03601244,749,Damenfahrrad
02.06.2023,16,02.06.2023,18,01400942,1490,Herrenfahrrad
02.06.2023,14,02.06.2023,19,09200511,3089,Herrenfahrrad
01.06.2023,20,01.06.2023,20,02400625,1699,Mountainbike
31.05.2023,18,02.06.2023,08,06100103,650,Damenfahrrad
01.06.2023,20,02.06.2023,00,07400824,180,Damenfahrrad
29.05.2023,13,31.05.2023,11,03400826,774,Herrenfahrrad
31.05.2023,21,01.06.2023,06,09100101,4300,Herrenfahrrad
31.05.2023,18,01.06.2023,08,07200308,750,Herrenfahrrad
31.05.2023,18,31.05.2023,22,01100414,878,Fahrrad
30.05.2023,16,31.05.2023,17,07200412,1479,Damenfahrrad
01.06.2023,12,01.06.2023,16,11200410,1049,Herrenfahrrad
31.05.2023,15,31.05.2023,22,03601245,1363,Damenfahrrad
01.06.2023,10,01.06.2023,14,04501153,499,Damenfahrrad
31.05.2023,11,31.05.2023,13,08100208,1436,Damenfahrrad
31.05.2023,09,31.05.2023,16,04300621,779,Herrenfahrrad
31.05.2023,09,31.05.2023,18,02100104,1350,Herrenfahrrad
31.05.2023,19,01.06.2023,09,03601450,1000,Damenfahrrad
31.05.2023,17,01.06.2023,08,03701659,600,Herrenfahrrad
31.05.2023,17,01.06.2023,08,04300620,2300,Herrenfahrrad
30.05.2023,12,30.05.2023,20,10100315,540,Damenfahrrad
30.05.2023,18,31.05.2023,10,02400624,699,Herrenfahrrad
31.05.2023,14,01.06.2023,11,12500927,215,Rennrad
31.05.2023,18,01.06.2023,13,01100104,1650,Herrenfahrrad
27.05.2023,17,28.05.2023,08,11400931,260,Kinderfahrrad
01.06.2023,01,01.06.2023,17,07400824,557,Damenfahrrad
29.05.2023,20,30.05.2023,15,06400737,600,Rennrad
31.05.2023,18,31.05.2023,21,12100204,1120,Herrenfahrrad
31.05.2023,19,31.05.2023,23,02400625,568,Damenfahrrad
31.05.2023,12,01.06.2023,19,03701657,6500,"diverse Fahrräder"
27.05.2023,10,27.05.2023,17,01400939,1250,Herrenfahrrad
31.05.2023,15,01.06.2023,18,09200715,500,Herrenfahrrad
27.05.2023,09,27.05.2023,21,09100408,629,Herrenfahrrad
01.06.2023,19,01.06.2023,20,01100313,599,Kinderfahrrad
31.05.2023,08,31.05.2023,15,11300618,394,Damenfahrrad
01.06.2023,18,01.06.2023,22,09200510,5378,Herrenfahrrad
01.06.2023,17,01.06.2023,21,04300622,450,Damenfahrrad
31.05.2023,16,01.06.2023,07,02100104,500,Kinderfahrrad
31.05.2023,17,31.05.2023,17,02400520,1299,Rennrad
31.05.2023,21,01.06.2023,08,01100312,270,Herrenfahrrad
01.06.2023,00,01.06.2023,11,10100208,1300,Herrenfahrrad
31.05.2023,18,31.05.2023,18,12500824,590,Herrenfahrrad
30.05.2023,18,01.06.2023,09,10100207,3499,Fahrrad
31.05.2023,21,01.06.2023,08,11200512,1700,"diverse Fahrräder"
31.05.2023,12,01.06.2023,13,03701659,400,Damenfahrrad
23.05.2023,21,24.05.2023,09,02200210,200,Herrenfahrrad
01.06.2023,11,01.06.2023,18,04501042,500,Damenfahrrad
30.05.2023,15,01.06.2023,15,02500836,4659,Herrenfahrrad
23.05.2023,01,25.05.2023,12,01401045,300,Fahrrad
01.06.2023,09,01.06.2023,18,09401534,1700,Fahrrad
31.05.2023,14,31.05.2023,16,06300526,837,Damenfahrrad
26.05.2023,22,27.05.2023,08,02500830,1806,Herrenfahrrad
24.05.2023,19,25.05.2023,08,07501134,800,Damenfahrrad
22.05.2023,21,22.05.2023,21,08100206,450,Herrenfahrrad
31.05.2023,21,01.06.2023,06,11300725,249,Fahrrad
31.05.2023,11,31.05.2023,19,11401034,300,Herrenfahrrad
01.06.2023,16,01.06.2023,21,12400720,378,Damenfahrrad
31.05.2023,22,01.06.2023,09,11200410,180,Herrenfahrrad
30.05.2023,16,01.06.2023,08,04501043,3630,"diverse Fahrräder"
01.06.2023,12,01.06.2023,12,01400942,0,Damenfahrrad
31.05.2023,18,01.06.2023,13,11501339,699,Herrenfahrrad
30.05.2023,18,31.05.2023,20,03601245,714,Damenfahrrad
30.05.2023,18,31.05.2023,07,03601244,1095,Damenfahrrad
31.05.2023,23,01.06.2023,13,11400928,300,Herrenfahrrad
31.05.2023,08,01.06.2023,16,11100203,120,Kinderfahrrad
19.05.2023,17,22.05.2023,08,08100206,909,Damenfahrrad
01.06.2023,20,01.06.2023,20,08401243,2350,Mountainbike
31.05.2023,20,01.06.2023,05,06200313,5487,Herrenfahrrad
31.05.2023,22,01.06.2023,08,03400725,1500,Herrenfahrrad
31.05.2023,15,01.06.2023,08,01401046,390,Damenfahrrad
21.05.2023,21,21.05.2023,21,02500832,2000,Herrenfahrrad
26.05.2023,08,26.05.2023,09,06100102,400,Fahrrad
23.05.2023,12,24.05.2023,06,11400930,999,Herrenfahrrad
01.06.2023,15,01.06.2023,15,03400620,50,Mountainbike
01.06.2023,18,01.06.2023,21,01100206,2684,Mountainbike
31.05.2023,09,31.05.2023,14,11200512,0,Damenfahrrad
31.05.2023,20,31.05.2023,23,02500832,1290,Fahrrad
31.05.2023,05,31.05.2023,05,03601141,2000,Fahrrad
25.05.2023,18,27.05.2023,12,01401043,200,Herrenfahrrad
01.06.2023,07,01.06.2023,14,03500936,360,Damenfahrrad
31.05.2023,18,31.05.2023,19,09200511,3391,Damenfahrrad
01.06.2023,16,01.06.2023,16,02400625,1550,Lastenfahrrad
27.05.2023,14,30.05.2023,09,01300834,400,Herrenfahrrad
30.05.2023,08,30.05.2023,20,06400839,550,Herrenfahrrad
31.05.2023,05,31.05.2023,15,07601238,400,Damenfahrrad
30.05.2023,20,31.05.2023,10,03601140,1799,Herrenfahrrad
18.05.2023,11,19.05.2023,10,01100308,350,Herrenfahrrad
30.05.2023,18,31.05.2023,08,07601340,2950,Herrenfahrrad
29.05.2023,12,30.05.2023,08,01400942,530,Herrenfahrrad
31.05.2023,01,31.05.2023,13,03601244,795,Herrenfahrrad
24.05.2023,08,25.05.2023,08,06300528,600,Damenfahrrad
31.05.2023,08,31.05.2023,19,01100312,1245,Herrenfahrrad
29.05.2023,09,29.05.2023,17,11401034,380,Herrenfahrrad
30.05.2023,22,31.05.2023,07,03601244,500,Damenfahrrad
30.05.2023,21,31.05.2023,07,10200629,600,Damenfahrrad
30.05.2023,23,30.05.2023,23,02200209,1900,Fahrrad
30.05.2023,09,30.05.2023,18,04501045,999,Damenfahrrad
31.05.2023,06,31.05.2023,06,08401244,800,Fahrrad
30.05.2023,21,31.05.2023,09,02200211,600,Rennrad
30.05.2023,20,31.05.2023,07,11400929,596,Damenfahrrad
28.05.2023,12,31.05.2023,10,02200210,1000,"diverse Fahrräder"
28.05.2023,18,29.05.2023,00,04501045,330,Damenfahrrad
24.05.2023,08,24.05.2023,19,07501135,400,Herrenfahrrad
16.05.2023,09,16.05.2023,18,01100309,1230,Damenfahrrad
30.05.2023,21,31.05.2023,12,03500936,80,Herrenfahrrad
31.05.2023,01,31.05.2023,08,10200627,179,Kinderfahrrad
31.05.2023,08,31.05.2023,08,02400624,450,Damenfahrrad
30.05.2023,19,30.05.2023,21,02400623,1000,Herrenfahrrad
31.05.2023,15,31.05.2023,19,04300623,469,Damenfahrrad
30.05.2023,23,31.05.2023,01,11401033,500,Mountainbike
29.05.2023,16,29.05.2023,16,04501153,299,Herrenfahrrad
17.05.2023,18,19.05.2023,09,04501153,490,Rennrad
28.05.2023,16,29.05.2023,14,04501044,449,Damenfahrrad
30.05.2023,20,31.05.2023,08,01100310,469,Herrenfahrrad
30.05.2023,18,31.05.2023,09,01100415,300,Rennrad
29.05.2023,20,30.05.2023,03,11300617,500,Herrenfahrrad
29.05.2023,10,31.05.2023,10,03701657,300,Fahrrad
29.05.2023,18,30.05.2023,09,11400929,506,Damenfahrrad
31.05.2023,16,31.05.2023,18,12601032,589,Herrenfahrrad
30.05.2023,20,31.05.2023,11,03601244,700,Damenfahrrad
31.05.2023,08,31.05.2023,17,06400840,987,Damenfahrrad
31.05.2023,18,31.05.2023,21,06400735,6000,Herrenfahrrad
28.05.2023,07,28.05.2023,21,08100418,1539,Herrenfahrrad
13.05.2023,15,16.05.2023,09,09501939,299,Herrenfahrrad
30.05.2023,19,31.05.2023,07,04501040,1388,Herrenfahrrad
31.05.2023,07,31.05.2023,14,09100305,5798,Fahrrad
31.05.2023,17,31.05.2023,20,03400619,950,Damenfahrrad
31.05.2023,20,31.05.2023,20,01300836,0,Damenfahrrad
31.05.2023,15,31.05.2023,17,11300826,428,Herrenfahrrad
29.05.2023,23,29.05.2023,23,08100416,255,Damenfahrrad
28.05.2023,00,30.05.2023,00,04300416,3000,"diverse Fahrräder"
30.05.2023,17,30.05.2023,19,02500729,420,Damenfahrrad
30.05.2023,23,30.05.2023,23,02200209,2722,Fahrrad
29.05.2023,18,30.05.2023,11,02200210,733,Herrenfahrrad
31.05.2023,12,31.05.2023,12,01100207,500,Damenfahrrad
30.05.2023,16,31.05.2023,08,03701660,5000,Herrenfahrrad
27.05.2023,10,29.05.2023,09,04400834,1800,Herrenfahrrad
31.05.2023,16,31.05.2023,16,02100106,1300,Damenfahrrad
29.05.2023,15,31.05.2023,11,04500938,605,Herrenfahrrad
31.05.2023,14,31.05.2023,14,12500825,150,Herrenfahrrad
31.05.2023,17,31.05.2023,18,07601548,500,Fahrrad
30.05.2023,14,31.05.2023,18,10300733,250,Kinderfahrrad
31.05.2023,05,31.05.2023,19,06400842,779,Herrenfahrrad
30.05.2023,15,30.05.2023,22,06400735,933,Fahrrad
30.05.2023,22,30.05.2023,22,06400838,0,Fahrrad
27.05.2023,14,29.05.2023,22,06100206,1149,Damenfahrrad
25.05.2023,12,26.05.2023,15,01401047,839,Damenfahrrad
25.05.2023,20,26.05.2023,02,04300517,564,Herrenfahrrad
26.05.2023,18,27.05.2023,19,09501838,2500,Rennrad
31.05.2023,03,31.05.2023,04,01100102,2283,Herrenfahrrad
31.05.2023,14,31.05.2023,14,07200412,0,Mountainbike
30.05.2023,20,31.05.2023,17,04400728,899,Herrenfahrrad
30.05.2023,14,31.05.2023,18,10300733,450,Damenfahrrad
30.05.2023,22,31.05.2023,10,10200627,350,Herrenfahrrad
31.05.2023,17,31.05.2023,19,07400927,0,"diverse Fahrräder"
31.05.2023,18,31.05.2023,20,02200207,1280,Herrenfahrrad
29.05.2023,23,30.05.2023,07,02300417,3200,Herrenfahrrad
29.05.2023,23,30.05.2023,07,02300417,3300,Damenfahrrad
29.05.2023,20,30.05.2023,07,08100208,1700,Herrenfahrrad
26.05.2023,18,27.05.2023,12,01400938,558,Herrenfahrrad
29.05.2023,21,30.05.2023,13,11300725,2200,Fahrrad
29.05.2023,19,30.05.2023,12,07100103,1500,Herrenfahrrad
29.05.2023,18,30.05.2023,15,03601245,150,Damenfahrrad
30.05.2023,05,30.05.2023,16,12400720,2500,Damenfahrrad
28.05.2023,11,30.05.2023,09,06300527,1280,Damenfahrrad
29.05.2023,20,29.05.2023,20,06200421,0,"diverse Fahrräder"
29.05.2023,00,29.05.2023,11,07100101,4266,Herrenfahrrad
29.05.2023,10,29.05.2023,15,03100101,550,Herrenfahrrad
30.05.2023,00,30.05.2023,08,03601346,1891,Damenfahrrad
26.05.2023,07,28.05.2023,23,01300731,350,Damenfahrrad
29.05.2023,20,30.05.2023,08,05100313,700,Herrenfahrrad
30.05.2023,08,30.05.2023,10,12500927,1450,Damenfahrrad
24.05.2023,09,24.05.2023,09,03601243,100,Mountainbike
29.05.2023,12,30.05.2023,08,07100101,648,Damenfahrrad
29.05.2023,15,30.05.2023,06,07100204,1000,Damenfahrrad
29.05.2023,22,30.05.2023,10,07100102,265,Fahrrad
28.05.2023,13,28.05.2023,15,07601546,500,Damenfahrrad
29.05.2023,21,30.05.2023,08,01401048,1199,Herrenfahrrad
30.05.2023,06,30.05.2023,16,08301037,680,Damenfahrrad
27.05.2023,13,27.05.2023,15,10400940,320,Damenfahrrad
30.05.2023,17,30.05.2023,19,03500936,650,Herrenfahrrad
30.05.2023,14,30.05.2023,18,12500928,300,Damenfahrrad
25.05.2023,20,25.05.2023,23,03601453,1958,Damenfahrrad
27.05.2023,16,30.05.2023,08,07501032,1400,Damenfahrrad
28.05.2023,17,28.05.2023,17,01401048,1500,Fahrrad
29.05.2023,16,29.05.2023,23,02400522,4200,Mountainbike
30.05.2023,08,30.05.2023,09,06300527,150,Damenfahrrad
24.05.2023,16,25.05.2023,07,09200818,304,Herrenfahrrad
29.05.2023,13,29.05.2023,15,07100103,750,Fahrrad
24.05.2023,15,24.05.2023,19,11200410,2550,Herrenfahrrad
30.05.2023,18,30.05.2023,19,07400927,600,Damenfahrrad
29.05.2023,19,30.05.2023,15,03400725,718,Fahrrad
30.05.2023,20,30.05.2023,20,04400729,500,Mountainbike
15.03.2022,07,15.03.2022,17,01401049,500,Herrenfahrrad
29.05.2023,18,30.05.2023,10,03501038,488,Damenfahrrad
26.05.2023,02,26.05.2023,10,10100312,499,Damenfahrrad
19.05.2023,22,20.05.2023,10,01100416,416,Herrenfahrrad
26.05.2023,13,27.05.2023,11,12500824,370,Herrenfahrrad
27.05.2023,10,28.05.2023,18,11200513,1680,Herrenfahrrad
29.04.2023,23,30.04.2023,10,03601140,1354,Fahrrad
30.05.2023,07,30.05.2023,16,09200715,2549,Herrenfahrrad
30.05.2023,07,30.05.2023,17,12200515,299,Damenfahrrad
25.05.2023,19,26.05.2023,12,11300724,250,Damenfahrrad
25.05.2023,23,26.05.2023,08,03500936,1500,Herrenfahrrad
30.05.2023,09,30.05.2023,13,09200511,1200,Herrenfahrrad
29.05.2023,10,29.05.2023,15,03100101,669,Damenfahrrad
25.05.2023,23,26.05.2023,13,01100104,1405,Damenfahrrad
27.05.2023,22,29.05.2023,23,07200307,150,Mountainbike
29.05.2023,19,30.05.2023,11,02500834,450,Herrenfahrrad
26.05.2023,19,26.05.2023,20,07100204,380,Herrenfahrrad
25.05.2023,16,25.05.2023,16,02400625,217,Herrenfahrrad
30.05.2023,11,30.05.2023,15,10300734,550,Kinderfahrrad
29.05.2023,21,30.05.2023,12,05100315,248,Herrenfahrrad
25.05.2023,19,25.05.2023,23,02500831,304,Damenfahrrad
30.05.2023,07,30.05.2023,11,07300515,680,Damenfahrrad
29.05.2023,17,30.05.2023,20,10200418,449,Damenfahrrad
27.05.2023,16,30.05.2023,13,02100101,2828,Fahrrad
30.05.2023,07,30.05.2023,09,03601142,906,Herrenfahrrad
28.05.2023,08,28.05.2023,18,02200208,900,Herrenfahrrad
29.05.2023,18,30.05.2023,08,03701659,1599,Damenfahrrad
29.05.2023,17,29.05.2023,20,06200313,1500,Herrenfahrrad
29.05.2023,21,30.05.2023,08,06300634,545,Herrenfahrrad
29.05.2023,15,30.05.2023,09,03601451,1149,Fahrrad
28.05.2023,17,28.05.2023,17,02200210,1095,Damenfahrrad
29.05.2023,10,29.05.2023,21,03500936,450,Rennrad
28.05.2023,22,28.05.2023,23,07100102,714,Herrenfahrrad
21.05.2023,14,22.05.2023,08,11100308,449,Damenfahrrad
27.05.2023,07,29.05.2023,19,09501737,649,Damenfahrrad
11.05.2023,08,11.05.2023,17,03400723,629,Herrenfahrrad
27.05.2023,12,29.05.2023,09,07200412,1049,Damenfahrrad
30.05.2023,11,30.05.2023,18,09502043,799,Damenfahrrad
30.05.2023,09,30.05.2023,18,03601452,150,Damenfahrrad
30.05.2023,12,30.05.2023,17,11401034,4100,Fahrrad
29.05.2023,17,30.05.2023,08,01401046,296,Damenfahrrad
28.05.2023,00,29.05.2023,15,04501153,650,Kinderfahrrad
30.05.2023,10,30.05.2023,12,02500832,2130,Damenfahrrad
29.05.2023,10,29.05.2023,16,11501339,920,Herrenfahrrad
30.05.2023,08,30.05.2023,14,01400938,3954,Damenfahrrad
29.05.2023,19,30.05.2023,09,01401047,416,Fahrrad
30.05.2023,14,30.05.2023,15,02200211,1250,Herrenfahrrad
30.05.2023,07,30.05.2023,17,03500932,1050,Fahrrad
30.05.2023,08,30.05.2023,18,10400836,550,Damenfahrrad
29.05.2023,10,30.05.2023,08,03601245,150,Fahrrad
27.05.2023,17,30.05.2023,09,07200414,2515,Herrenfahrrad
29.05.2023,23,30.05.2023,09,07200308,2060,Herrenfahrrad
28.05.2023,20,29.05.2023,01,03400721,299,Herrenfahrrad
28.05.2023,15,29.05.2023,16,11401136,150,Damenfahrrad
29.05.2023,20,30.05.2023,09,04300413,1178,Herrenfahrrad
24.05.2023,07,24.05.2023,19,01401048,1151,Herrenfahrrad
13.04.2023,22,14.04.2023,07,08100314,2000,Mountainbike
28.05.2023,20,28.05.2023,20,09200613,400,Mountainbike
28.05.2023,21,29.05.2023,07,05200630,2104,Damenfahrrad
26.05.2023,09,26.05.2023,13,04200207,310,Herrenfahrrad
28.05.2023,10,28.05.2023,16,03300412,430,Damenfahrrad
12.05.2023,19,13.05.2023,01,01300836,999,Fahrrad
27.05.2023,18,29.05.2023,15,06100103,1200,Fahrrad
22.05.2023,08,22.05.2023,18,03300514,1336,Damenfahrrad
29.05.2023,06,29.05.2023,10,10100103,380,Fahrrad
26.05.2023,19,29.05.2023,18,05100209,290,Damenfahrrad
17.05.2023,16,18.05.2023,09,06400737,670,Herrenfahrrad
26.05.2023,16,27.05.2023,11,09200716,2249,Damenfahrrad
28.05.2023,11,29.05.2023,20,06400737,800,Damenfahrrad
29.05.2023,14,29.05.2023,16,02200208,500,Herrenfahrrad
29.05.2023,17,29.05.2023,20,06300630,850,Fahrrad
26.05.2023,15,26.05.2023,19,04400835,1044,Damenfahrrad
27.05.2023,16,28.05.2023,16,11200513,800,Herrenfahrrad
21.05.2023,14,22.05.2023,13,01401044,0,Herrenfahrrad
27.05.2023,13,27.05.2023,23,09502043,0,Herrenfahrrad
29.05.2023,18,29.05.2023,18,12400723,1,Herrenfahrrad
28.05.2023,19,29.05.2023,11,12200308,8053,Fahrrad
24.05.2023,08,24.05.2023,17,01401047,2330,"diverse Fahrräder"
28.05.2023,22,29.05.2023,04,04501146,6480,Lastenfahrrad
28.05.2023,14,28.05.2023,16,02500835,909,Herrenfahrrad
28.05.2023,21,29.05.2023,11,05100314,1275,Herrenfahrrad
28.05.2023,13,28.05.2023,15,01100414,550,Kinderfahrrad
28.05.2023,21,29.05.2023,09,03601348,600,Fahrrad
25.05.2023,16,28.05.2023,09,09200510,630,Herrenfahrrad
29.05.2023,10,29.05.2023,16,03400724,605,Herrenfahrrad
29.05.2023,17,29.05.2023,19,06300526,1222,Fahrrad
26.05.2023,16,27.05.2023,11,09200716,1999,Herrenfahrrad
27.05.2023,22,27.05.2023,23,12400720,200,Damenfahrrad
26.05.2023,08,26.05.2023,16,09501736,727,Damenfahrrad
28.05.2023,19,28.05.2023,23,01100415,1490,Herrenfahrrad
23.05.2023,17,25.05.2023,13,12500928,480,Herrenfahrrad
28.05.2023,13,28.05.2023,15,01100414,449,Herrenfahrrad
27.05.2023,21,29.05.2023,15,01401045,1600,Fahrrad
27.05.2023,10,29.05.2023,16,06400843,5769,Herrenfahrrad
26.05.2023,14,29.05.2023,01,06100207,2500,Damenfahrrad
27.05.2023,17,29.05.2023,16,09100304,1026,Damenfahrrad
27.05.2023,23,29.05.2023,19,06400735,476,Herrenfahrrad
27.05.2023,11,28.05.2023,16,01100313,288,Herrenfahrrad
26.05.2023,19,28.05.2023,09,12500825,600,Herrenfahrrad
27.05.2023,23,28.05.2023,11,01200629,75,Herrenfahrrad
28.05.2023,15,28.05.2023,22,09100101,263,Herrenfahrrad
29.05.2023,02,29.05.2023,02,11400929,0,Herrenfahrrad
28.05.2023,19,29.05.2023,08,10200628,561,Damenfahrrad
28.05.2023,14,28.05.2023,22,05300840,2299,Herrenfahrrad
28.05.2023,16,28.05.2023,16,11401032,1200,Herrenfahrrad
29.05.2023,13,29.05.2023,14,03400619,999,Herrenfahrrad
29.05.2023,01,29.05.2023,04,02300315,1499,Fahrrad
28.05.2023,13,28.05.2023,21,05100316,828,Herrenfahrrad
29.05.2023,02,29.05.2023,16,04300620,839,Fahrrad
28.05.2023,21,29.05.2023,10,02400625,370,Damenfahrrad
25.05.2023,22,26.05.2023,10,11501339,2427,Damenfahrrad
29.05.2023,16,29.05.2023,18,11401135,399,Herrenfahrrad
28.05.2023,17,29.05.2023,08,01401045,1200,Damenfahrrad
27.05.2023,15,27.05.2023,22,09501939,3168,Damenfahrrad
29.05.2023,10,29.05.2023,10,01100308,2800,Fahrrad
29.05.2023,10,29.05.2023,10,01401048,699,Herrenfahrrad
28.05.2023,16,29.05.2023,10,07400721,1126,Herrenfahrrad
28.05.2023,23,29.05.2023,04,02300419,1400,Herrenfahrrad
27.05.2023,00,27.05.2023,03,09200511,899,Herrenfahrrad
25.05.2023,10,25.05.2023,23,12400721,470,Damenfahrrad
24.05.2023,08,24.05.2023,17,01401047,2515,"diverse Fahrräder"
26.05.2023,20,27.05.2023,18,03501037,650,Herrenfahrrad
28.05.2023,20,29.05.2023,07,01300836,700,Fahrrad
26.05.2023,20,27.05.2023,09,08100105,850,Herrenfahrrad
28.05.2023,20,28.05.2023,22,02100103,1248,Herrenfahrrad
29.05.2023,11,29.05.2023,12,07100103,700,Herrenfahrrad
27.05.2023,10,29.05.2023,16,06400843,4299,Damenfahrrad
27.05.2023,15,27.05.2023,23,09501939,2700,Fahrrad
27.05.2023,09,29.05.2023,19,05300737,350,Damenfahrrad
29.05.2023,17,29.05.2023,19,12400721,1224,Damenfahrrad
27.05.2023,06,28.05.2023,09,03200310,550,Fahrrad
27.05.2023,09,28.05.2023,09,10100206,6200,Herrenfahrrad
28.05.2023,19,28.05.2023,19,07200410,0,Damenfahrrad
26.05.2023,07,26.05.2023,14,03601347,681,Herrenfahrrad
27.05.2023,20,28.05.2023,05,01100309,600,Herrenfahrrad
27.05.2023,15,28.05.2023,05,07100101,139,Mountainbike
27.05.2023,11,28.05.2023,08,04300623,448,Herrenfahrrad
27.05.2023,13,27.05.2023,15,12400721,685,Mountainbike
27.05.2023,23,28.05.2023,00,03400826,369,Herrenfahrrad
28.05.2023,17,28.05.2023,18,06400735,1592,Damenfahrrad
27.05.2023,14,27.05.2023,19,09100101,540,Fahrrad
28.05.2023,01,28.05.2023,12,02400521,1350,Herrenfahrrad
16.05.2023,19,17.05.2023,08,03500936,565,Herrenfahrrad
27.05.2023,19,28.05.2023,01,03601450,600,Herrenfahrrad
27.05.2023,17,28.05.2023,14,02500835,2240,Damenfahrrad
27.05.2023,19,28.05.2023,11,08100312,200,Fahrrad
27.05.2023,18,28.05.2023,17,06200421,600,Damenfahrrad
28.05.2023,22,28.05.2023,22,03601141,2000,Fahrrad
03.05.2023,10,03.05.2023,19,03601142,1005,Herrenfahrrad
26.04.2023,19,28.04.2023,08,07100204,895,Damenfahrrad
25.05.2023,17,28.05.2023,15,01200624,849,Herrenfahrrad
27.05.2023,20,28.05.2023,10,05100315,1049,Damenfahrrad
24.05.2023,22,25.05.2023,06,09200818,479,Kinderfahrrad
28.05.2023,07,28.05.2023,10,10200524,905,Herrenfahrrad
25.05.2023,10,27.05.2023,09,04300414,1400,Herrenfahrrad
26.05.2023,20,27.05.2023,03,02400624,1000,Damenfahrrad
26.05.2023,09,27.05.2023,09,12200515,700,Fahrrad
26.05.2023,22,26.05.2023,22,06400737,600,Herrenfahrrad
24.05.2023,14,27.05.2023,11,10100208,1075,Herrenfahrrad
26.05.2023,16,27.05.2023,10,06400735,400,Herrenfahrrad
11.05.2023,08,13.05.2023,18,06100101,500,Herrenfahrrad
26.05.2023,16,26.05.2023,17,03400722,1449,Damenfahrrad
26.05.2023,23,27.05.2023,05,01401045,100,Herrenfahrrad
25.05.2023,08,25.05.2023,14,12601133,1005,Herrenfahrrad
26.05.2023,17,27.05.2023,08,06100102,2238,Damenfahrrad
24.05.2023,12,24.05.2023,17,04300622,900,Herrenfahrrad
26.05.2023,21,27.05.2023,03,03400723,1000,Herrenfahrrad
26.05.2023,22,27.05.2023,10,03701659,4695,Herrenfahrrad
27.05.2023,15,27.05.2023,20,01100414,1500,Herrenfahrrad
26.05.2023,15,27.05.2023,10,09100101,3940,Herrenfahrrad
26.05.2023,21,26.05.2023,23,11100203,350,Fahrrad
26.05.2023,22,27.05.2023,00,08100312,4800,Herrenfahrrad
26.05.2023,09,26.05.2023,18,02100106,2000,Herrenfahrrad
20.05.2023,14,20.05.2023,19,09401329,1090,Herrenfahrrad
26.05.2023,23,27.05.2023,08,02300418,729,Herrenfahrrad
26.05.2023,20,27.05.2023,15,08100209,799,Damenfahrrad
26.05.2023,20,27.05.2023,09,03601245,450,Herrenfahrrad
27.05.2023,17,27.05.2023,19,09401534,2200,Herrenfahrrad
26.05.2023,18,26.05.2023,21,08100415,500,Fahrrad
26.05.2023,15,26.05.2023,16,01100308,1300,Damenfahrrad
24.05.2023,21,24.05.2023,22,06100209,350,Damenfahrrad
19.05.2023,15,19.05.2023,15,08100101,0,Damenfahrrad
27.05.2023,10,27.05.2023,12,08100416,0,Herrenfahrrad
27.05.2023,10,27.05.2023,13,01100313,665,Damenfahrrad
17.05.2023,15,17.05.2023,15,02200210,2000,Fahrrad
25.05.2023,21,27.05.2023,10,01401048,652,Herrenfahrrad
22.05.2023,18,23.05.2023,09,03701660,350,Herrenfahrrad
27.05.2023,13,27.05.2023,13,02500836,500,Damenfahrrad
26.05.2023,17,27.05.2023,12,08100416,1550,Rennrad
25.05.2023,19,27.05.2023,16,12400720,1200,Herrenfahrrad
26.05.2023,21,27.05.2023,10,08100310,388,Kinderfahrrad
26.05.2023,16,27.05.2023,01,03300514,350,Herrenfahrrad
26.05.2023,09,27.05.2023,09,12200412,600,Damenfahrrad
27.05.2023,00,27.05.2023,08,01100313,800,Fahrrad
24.05.2023,14,25.05.2023,23,05300736,450,Herrenfahrrad
26.05.2023,14,27.05.2023,09,10100209,2500,Herrenfahrrad
13.05.2023,23,14.05.2023,10,03601142,668,Kinderfahrrad
26.05.2023,15,26.05.2023,19,11400931,600,Herrenfahrrad
26.05.2023,19,27.05.2023,09,01400938,1120,Herrenfahrrad
25.05.2023,11,25.05.2023,13,07200409,700,Damenfahrrad
26.05.2023,14,26.05.2023,17,11300722,464,Herrenfahrrad
26.05.2023,14,26.05.2023,17,11300722,950,Damenfahrrad
26.05.2023,09,26.05.2023,19,12500928,299,Herrenfahrrad
09.05.2023,08,10.05.2023,08,01100310,1699,Damenfahrrad
26.05.2023,19,27.05.2023,01,03200310,1000,Herrenfahrrad
26.05.2023,21,27.05.2023,00,08100312,2300,Herrenfahrrad
25.05.2023,17,25.05.2023,19,01100102,250,Fahrrad
26.05.2023,22,27.05.2023,01,11501339,800,Damenfahrrad
26.05.2023,18,27.05.2023,08,04300413,638,Herrenfahrrad
27.05.2023,16,27.05.2023,16,03300516,325,"diverse Fahrräder"
25.05.2023,18,25.05.2023,22,01401043,1599,Herrenfahrrad
25.05.2023,18,26.05.2023,09,02500727,1240,Damenfahrrad
25.05.2023,07,25.05.2023,11,09200818,2000,Herrenfahrrad
26.05.2023,16,26.05.2023,17,06400735,3299,Damenfahrrad
21.05.2023,20,22.05.2023,18,07200307,549,Kinderfahrrad
25.05.2023,09,26.05.2023,12,02200213,3409,Fahrrad
24.05.2023,22,25.05.2023,10,11300722,395,Damenfahrrad
25.05.2023,20,26.05.2023,08,11400930,599,Herrenfahrrad
25.05.2023,22,26.05.2023,08,02400520,0,Herrenfahrrad
25.05.2023,15,25.05.2023,23,07100102,450,Herrenfahrrad
25.05.2023,22,26.05.2023,07,03601451,1000,"diverse Fahrräder"
25.05.2023,00,25.05.2023,08,01100308,650,Damenfahrrad
25.05.2023,21,26.05.2023,04,08100418,1000,Damenfahrrad
20.05.2023,15,21.05.2023,18,03500933,220,Damenfahrrad
25.05.2023,12,26.05.2023,09,01401046,829,Herrenfahrrad
25.05.2023,20,26.05.2023,21,03500935,1700,Herrenfahrrad
24.05.2023,09,24.05.2023,23,09100101,350,Damenfahrrad
26.05.2023,06,26.05.2023,13,03300514,580,Fahrrad
24.05.2023,16,25.05.2023,18,10200629,520,Damenfahrrad
24.05.2023,19,25.05.2023,18,07300515,500,Damenfahrrad
25.05.2023,19,26.05.2023,16,03701556,250,Damenfahrrad
26.05.2023,19,26.05.2023,19,02500836,400,Herrenfahrrad
26.05.2023,16,26.05.2023,20,06400737,2048,Damenfahrrad
25.05.2023,17,26.05.2023,07,08100415,1103,Herrenfahrrad
16.05.2023,18,17.05.2023,09,03701554,450,Fahrrad
25.05.2023,21,26.05.2023,12,01100312,1091,Damenfahrrad
26.05.2023,00,26.05.2023,00,10300731,0,"diverse Fahrräder"
